E,EZ,Ln,Ls,U,U_dimer,W,a0,barrier,d,dinter,dinter_warp,dintra,g,scale,t0,t1,t3,Δ,α,λ,μN,μS,τ
0.0,0.0,220.0,0.0,1.0e-7,0.0,30.0,2.46,0.0,0.0,0.33456,1.4591539992749223,1.4202816622064793,2.0,10.0,260.0,360.0,28.0,0.0,2.0,10.0,0.0,80.0,1.0
0.0,2.8,220.0,0.0,1.0e-7,0.0,30.0,2.46,0.0,0.0,0.33456,1.4591539992749223,1.4202816622064793,2.0,10.0,260.0,360.0,28.0,0.0,2.0,10.0,0.0,80.0,1.0
0.0,0.0,220.0,0.0,1.0e-7,0.0,30.0,2.46,0.0,0.0,0.33456,1.4591539992749223,1.4202816622064793,2.0,10.0,260.0,360.0,28.0,0.0,2.0,10.0,0.0,80.0,1.0
